Z,LR20,LR40,LR60,LR80,LR100,LR120
60,0,0,0,0,0,0
67.5,-9.90E-08,-9.90E-08,-9.90E-08,-9.90E-08,-9.90E-08,-9.90E-08
75,-9.89E-08,-9.89E-08,-9.89E-08,-9.89E-08,-9.89E-08,-9.89E-08
82.5,-9.89E-08,-9.89E-08,-9.89E-08,-9.89E-08,-9.89E-08,-9.89E-08
90,-9.88E-08,-9.88E-08,-9.88E-08,-9.88E-08,-9.88E-08,-9.88E-08
97.5,-9.87E-08,-9.87E-08,-9.87E-08,-9.87E-08,-9.87E-08,-9.87E-08
105,-9.87E-08,-9.87E-08,-9.87E-08,-9.87E-08,-9.87E-08,-9.87E-08
112.5,-9.86E-08,-9.86E-08,-9.86E-08,-9.86E-08,-9.86E-08,-9.86E-08
120,-9.85E-08,-9.85E-08,-9.85E-08,-9.85E-08,-9.85E-08,-9.85E-08
127.5,-9.16E-08,-9.17E-08,-9.18E-08,-9.19E-08,-9.20E-08,-9.21E-08
135,-9.12E-08,-9.13E-08,-9.14E-08,-9.15E-08,-9.16E-08,-9.17E-08
142.5,-9.08E-08,-9.09E-08,-9.10E-08,-9.11E-08,-9.12E-08,-9.13E-08
150,-9.23E-08,-9.24E-08,-9.25E-08,-9.26E-08,-9.27E-08,-9.28E-08
157.5,-9.40E-08,-9.40E-08,-9.41E-08,-9.42E-08,-9.42E-08,-9.43E-08
165,-9.41E-08,-9.42E-08,-9.42E-08,-9.43E-08,-9.43E-08,-9.44E-08
172.5,-9.38E-08,-9.38E-08,-9.39E-08,-9.39E-08,-9.40E-08,-9.41E-08
180,-9.24E-08,-9.25E-08,-9.26E-08,-9.27E-08,-9.28E-08,-9.28E-08
187.5,-9.10E-08,-9.11E-08,-9.12E-08,-9.13E-08,-9.14E-08,-9.15E-08
195,-8.93E-08,-8.94E-08,-8.95E-08,-8.97E-08,-8.98E-08,-8.99E-08
202.5,-8.71E-08,-8.73E-08,-8.75E-08,-8.76E-08,-8.78E-08,-8.79E-08
210,-8.48E-08,-8.51E-08,-8.53E-08,-8.54E-08,-8.56E-08,-8.58E-08
217.5,-8.21E-08,-8.24E-08,-8.26E-08,-8.28E-08,-8.31E-08,-8.33E-08
225,-7.92E-08,-7.95E-08,-7.98E-08,-8.01E-08,-8.03E-08,-8.06E-08
232.5,-7.61E-08,-7.64E-08,-7.67E-08,-7.70E-08,-7.74E-08,-7.76E-08
240,-7.28E-08,-7.32E-08,-7.36E-08,-7.40E-08,-7.43E-08,-7.46E-08
247.5,-6.93E-08,-6.98E-08,-7.02E-08,-7.06E-08,-7.10E-08,-7.14E-08
255,-6.59E-08,-6.64E-08,-6.69E-08,-6.74E-08,-6.78E-08,-6.83E-08
262.5,-6.24E-08,-6.29E-08,-6.35E-08,-6.40E-08,-6.45E-08,-6.50E-08
270,-5.88E-08,-5.94E-08,-6.00E-08,-6.06E-08,-6.12E-08,-6.17E-08
277.5,-5.53E-08,-5.60E-08,-5.67E-08,-5.73E-08,-5.79E-08,-5.85E-08
285,-5.18E-08,-5.25E-08,-5.32E-08,-5.39E-08,-5.46E-08,-5.52E-08
292.5,-4.85E-08,-4.93E-08,-5.00E-08,-5.08E-08,-5.15E-08,-5.21E-08
300,-4.51E-08,-4.59E-08,-4.67E-08,-4.75E-08,-4.83E-08,-4.90E-08
307.5,-4.20E-08,-4.29E-08,-4.37E-08,-4.46E-08,-4.53E-08,-4.61E-08
315,-3.89E-08,-3.98E-08,-4.07E-08,-4.16E-08,-4.24E-08,-4.32E-08
322.5,-3.61E-08,-3.71E-08,-3.81E-08,-3.90E-08,-3.98E-08,-4.07E-08
330,-3.34E-08,-3.44E-08,-3.54E-08,-3.64E-08,-3.73E-08,-3.81E-08
337.5,-3.09E-08,-3.19E-08,-3.30E-08,-3.40E-08,-3.49E-08,-3.58E-08
345,-2.83E-08,-2.94E-08,-3.05E-08,-3.15E-08,-3.25E-08,-3.34E-08
352.5,-2.58E-08,-2.70E-08,-2.81E-08,-2.91E-08,-3.01E-08,-3.11E-08
360,-2.33E-08,-2.45E-08,-2.56E-08,-2.67E-08,-2.78E-08,-2.88E-08
367.5,-2.07E-08,-2.19E-08,-2.31E-08,-2.43E-08,-2.54E-08,-2.64E-08
375,-1.82E-08,-1.95E-08,-2.07E-08,-2.19E-08,-2.30E-08,-2.41E-08
382.5,-1.56E-08,-1.69E-08,-1.82E-08,-1.94E-08,-2.05E-08,-2.16E-08
390,-1.30E-08,-1.44E-08,-1.57E-08,-1.69E-08,-1.81E-08,-1.93E-08
397.5,-1.03E-08,-1.17E-08,-1.31E-08,-1.44E-08,-1.56E-08,-1.68E-08
405,-7.73E-09,-9.17E-09,-1.06E-08,-1.19E-08,-1.32E-08,-1.44E-08
412.5,-5.12E-09,-6.61E-09,-8.04E-09,-9.41E-09,-1.07E-08,-1.20E-08
420,-2.74E-09,-4.27E-09,-5.73E-09,-7.14E-09,-8.48E-09,-9.77E-09
427.5,-3.44E-10,-1.91E-09,-3.41E-09,-4.85E-09,-6.23E-09,-7.55E-09
435,1.87E-09,2.67E-10,-1.27E-09,-2.74E-09,-4.15E-09,-5.50E-09
442.5,4.17E-09,2.53E-09,9.64E-10,-5.40E-10,-1.98E-09,-3.37E-09
450,6.48E-09,4.81E-09,3.20E-09,1.66E-09,1.90E-10,-1.23E-09
457.5,8.79E-09,7.07E-09,5.43E-09,3.86E-09,2.35E-09,9.07E-10
465,1.11E-08,9.38E-09,7.70E-09,6.09E-09,4.55E-09,3.08E-09
472.5,1.33E-08,1.15E-08,9.77E-09,8.14E-09,6.57E-09,5.06E-09
480,1.53E-08,1.35E-08,1.18E-08,1.01E-08,8.52E-09,6.99E-09
487.5,1.72E-08,1.53E-08,1.36E-08,1.19E-08,1.03E-08,8.70E-09
495,1.90E-08,1.71E-08,1.53E-08,1.36E-08,1.20E-08,1.04E-08
502.5,2.05E-08,1.86E-08,1.68E-08,1.50E-08,1.33E-08,1.17E-08
510,2.18E-08,1.99E-08,1.80E-08,1.63E-08,1.46E-08,1.30E-08
517.5,2.28E-08,2.09E-08,1.90E-08,1.72E-08,1.55E-08,1.39E-08
525,2.36E-08,2.16E-08,1.98E-08,1.80E-08,1.63E-08,1.46E-08
532.5,2.42E-08,2.22E-08,2.04E-08,1.86E-08,1.69E-08,1.52E-08
540,2.47E-08,2.28E-08,2.09E-08,1.91E-08,1.74E-08,1.57E-08
547.5,2.53E-08,2.33E-08,2.15E-08,1.96E-08,1.79E-08,1.63E-08
555,2.59E-08,2.39E-08,2.21E-08,2.02E-08,1.85E-08,1.68E-08
562.5,2.66E-08,2.46E-08,2.27E-08,2.09E-08,1.92E-08,1.75E-08
570,2.73E-08,2.54E-08,2.34E-08,2.16E-08,1.99E-08,1.82E-08
577.5,2.83E-08,2.63E-08,2.44E-08,2.25E-08,2.08E-08,1.91E-08
585,2.94E-08,2.73E-08,2.54E-08,2.36E-08,2.18E-08,2.01E-08
592.5,3.07E-08,2.87E-08,2.67E-08,2.48E-08,2.30E-08,2.13E-08
600,3.22E-08,3.01E-08,2.81E-08,2.62E-08,2.44E-08,2.27E-08
607.5,3.40E-08,3.19E-08,2.99E-08,2.80E-08,2.61E-08,2.44E-08
615,3.61E-08,3.40E-08,3.19E-08,3.00E-08,2.81E-08,2.63E-08
622.5,3.85E-08,3.64E-08,3.43E-08,3.23E-08,3.04E-08,2.86E-08
630,4.13E-08,3.91E-08,3.70E-08,3.50E-08,3.30E-08,3.11E-08
637.5,4.45E-08,4.22E-08,4.00E-08,3.80E-08,3.60E-08,3.41E-08
645,4.79E-08,4.56E-08,4.34E-08,4.13E-08,3.93E-08,3.73E-08
652.5,5.17E-08,4.93E-08,4.71E-08,4.49E-08,4.28E-08,4.08E-08
660,5.57E-08,5.33E-08,5.10E-08,4.87E-08,4.66E-08,4.45E-08
667.5,5.99E-08,5.74E-08,5.50E-08,5.27E-08,5.05E-08,4.84E-08
675,6.42E-08,6.16E-08,5.92E-08,5.68E-08,5.46E-08,5.24E-08
682.5,6.85E-08,6.58E-08,6.33E-08,6.09E-08,5.86E-08,5.64E-08
690,7.27E-08,7.00E-08,6.75E-08,6.50E-08,6.26E-08,6.03E-08
697.5,7.68E-08,7.41E-08,7.14E-08,6.89E-08,6.65E-08,6.41E-08
705,8.07E-08,7.79E-08,7.52E-08,7.26E-08,7.01E-08,6.78E-08
712.5,8.44E-08,8.15E-08,7.88E-08,7.61E-08,7.36E-08,7.12E-08
720,8.79E-08,8.50E-08,8.22E-08,7.95E-08,7.69E-08,7.45E-08
727.5,9.13E-08,8.83E-08,8.55E-08,8.27E-08,8.01E-08,7.76E-08
735,9.45E-08,9.14E-08,8.86E-08,8.58E-08,8.31E-08,8.06E-08
742.5,9.74E-08,9.43E-08,9.14E-08,8.86E-08,8.59E-08,8.33E-08
750,1.00E-07,9.70E-08,9.40E-08,9.12E-08,8.84E-08,8.58E-08
757.5,1.03E-07,9.94E-08,9.64E-08,9.35E-08,9.08E-08,8.81E-08
765,1.05E-07,1.02E-07,9.85E-08,9.56E-08,9.28E-08,9.01E-08
772.5,1.07E-07,1.03E-07,1.00E-07,9.75E-08,9.47E-08,9.19E-08
780,1.08E-07,1.05E-07,1.02E-07,9.92E-08,9.63E-08,9.36E-08
787.5,1.10E-07,1.07E-07,1.04E-07,1.01E-07,9.78E-08,9.51E-08
795,1.11E-07,1.08E-07,1.05E-07,1.02E-07,9.92E-08,9.65E-08
802.5,1.13E-07,1.10E-07,1.06E-07,1.03E-07,1.01E-07,9.78E-08
810,1.14E-07,1.11E-07,1.08E-07,1.05E-07,1.02E-07,9.91E-08
817.5,1.16E-07,1.12E-07,1.09E-07,1.06E-07,1.03E-07,1.00E-07
825,1.17E-07,1.14E-07,1.11E-07,1.08E-07,1.05E-07,1.02E-07
832.5,1.18E-07,1.15E-07,1.12E-07,1.09E-07,1.06E-07,1.03E-07
840,1.20E-07,1.16E-07,1.13E-07,1.10E-07,1.07E-07,1.04E-07
847.5,1.21E-07,1.18E-07,1.15E-07,1.12E-07,1.09E-07,1.06E-07
855,1.23E-07,1.19E-07,1.16E-07,1.13E-07,1.10E-07,1.07E-07
862.5,1.24E-07,1.21E-07,1.18E-07,1.15E-07,1.12E-07,1.09E-07
870,1.26E-07,1.22E-07,1.19E-07,1.16E-07,1.13E-07,1.10E-07
877.5,1.27E-07,1.24E-07,1.20E-07,1.17E-07,1.14E-07,1.11E-07
885,1.28E-07,1.25E-07,1.21E-07,1.18E-07,1.15E-07,1.12E-07
892.5,1.29E-07,1.26E-07,1.23E-07,1.19E-07,1.16E-07,1.13E-07
900,1.30E-07,1.27E-07,1.24E-07,1.20E-07,1.17E-07,1.14E-07
907.5,1.31E-07,1.28E-07,1.24E-07,1.21E-07,1.18E-07,1.15E-07
915,1.32E-07,1.29E-07,1.25E-07,1.22E-07,1.19E-07,1.16E-07
922.5,1.33E-07,1.29E-07,1.26E-07,1.23E-07,1.20E-07,1.17E-07
930,1.33E-07,1.30E-07,1.27E-07,1.24E-07,1.21E-07,1.18E-07
937.5,1.34E-07,1.31E-07,1.27E-07,1.24E-07,1.21E-07,1.18E-07
945,1.35E-07,1.31E-07,1.28E-07,1.25E-07,1.22E-07,1.19E-07
952.5,1.35E-07,1.32E-07,1.28E-07,1.25E-07,1.22E-07,1.19E-07
960,1.35E-07,1.32E-07,1.29E-07,1.26E-07,1.23E-07,1.20E-07
967.5,1.36E-07,1.32E-07,1.29E-07,1.26E-07,1.23E-07,1.20E-07
975,1.36E-07,1.33E-07,1.29E-07,1.26E-07,1.23E-07,1.20E-07
982.5,1.37E-07,1.33E-07,1.30E-07,1.27E-07,1.24E-07,1.21E-07
990,1.37E-07,1.33E-07,1.30E-07,1.27E-07,1.24E-07,1.21E-07
997.5,1.37E-07,1.34E-07,1.30E-07,1.27E-07,1.24E-07,1.21E-07
1005,1.37E-07,1.34E-07,1.31E-07,1.28E-07,1.25E-07,1.22E-07
1012.5,1.38E-07,1.34E-07,1.31E-07,1.28E-07,1.25E-07,1.22E-07
1020,1.38E-07,1.35E-07,1.31E-07,1.28E-07,1.25E-07,1.22E-07
1027.5,1.38E-07,1.35E-07,1.32E-07,1.29E-07,1.26E-07,1.23E-07
1035,1.39E-07,1.35E-07,1.32E-07,1.29E-07,1.26E-07,1.23E-07
1042.5,1.39E-07,1.36E-07,1.33E-07,1.30E-07,1.27E-07,1.24E-07
1050,1.40E-07,1.36E-07,1.33E-07,1.30E-07,1.27E-07,1.24E-07
1057.5,1.40E-07,1.37E-07,1.34E-07,1.31E-07,1.28E-07,1.25E-07
1065,1.41E-07,1.38E-07,1.34E-07,1.31E-07,1.28E-07,1.25E-07
1072.5,1.42E-07,1.38E-07,1.35E-07,1.32E-07,1.29E-07,1.26E-07
1080,1.42E-07,1.39E-07,1.36E-07,1.33E-07,1.30E-07,1.27E-07
1087.5,1.43E-07,1.40E-07,1.36E-07,1.33E-07,1.30E-07,1.27E-07
1095,1.44E-07,1.40E-07,1.37E-07,1.34E-07,1.31E-07,1.28E-07
1102.5,1.45E-07,1.41E-07,1.38E-07,1.35E-07,1.32E-07,1.29E-07
1110,1.46E-07,1.42E-07,1.39E-07,1.36E-07,1.33E-07,1.30E-07
1117.5,1.47E-07,1.43E-07,1.40E-07,1.37E-07,1.34E-07,1.31E-07
1125,1.48E-07,1.44E-07,1.41E-07,1.38E-07,1.35E-07,1.32E-07
1132.5,1.49E-07,1.45E-07,1.42E-07,1.39E-07,1.36E-07,1.33E-07
1140,1.50E-07,1.46E-07,1.43E-07,1.40E-07,1.37E-07,1.34E-07
1147.5,1.51E-07,1.47E-07,1.44E-07,1.41E-07,1.38E-07,1.35E-07
1155,1.52E-07,1.48E-07,1.45E-07,1.42E-07,1.39E-07,1.36E-07
1162.5,1.53E-07,1.49E-07,1.46E-07,1.43E-07,1.40E-07,1.37E-07
1170,1.54E-07,1.50E-07,1.47E-07,1.44E-07,1.41E-07,1.38E-07
1177.5,1.55E-07,1.51E-07,1.48E-07,1.45E-07,1.42E-07,1.39E-07
1185,1.55E-07,1.52E-07,1.49E-07,1.46E-07,1.43E-07,1.40E-07
1192.5,1.56E-07,1.53E-07,1.50E-07,1.46E-07,1.43E-07,1.40E-07
1200,1.57E-07,1.54E-07,1.50E-07,1.47E-07,1.44E-07,1.41E-07
1207.5,1.58E-07,1.54E-07,1.51E-07,1.48E-07,1.45E-07,1.42E-07
1215,1.58E-07,1.55E-07,1.52E-07,1.49E-07,1.46E-07,1.43E-07
1222.5,1.59E-07,1.56E-07,1.53E-07,1.49E-07,1.46E-07,1.43E-07
1230,1.60E-07,1.56E-07,1.53E-07,1.50E-07,1.47E-07,1.44E-07
1237.5,1.60E-07,1.57E-07,1.54E-07,1.51E-07,1.48E-07,1.45E-07
1245,1.61E-07,1.58E-07,1.54E-07,1.51E-07,1.48E-07,1.45E-07
1252.5,1.62E-07,1.58E-07,1.55E-07,1.52E-07,1.49E-07,1.46E-07
1260,1.62E-07,1.59E-07,1.56E-07,1.52E-07,1.49E-07,1.46E-07
1267.5,1.63E-07,1.59E-07,1.56E-07,1.53E-07,1.50E-07,1.47E-07
1275,1.63E-07,1.60E-07,1.57E-07,1.54E-07,1.51E-07,1.48E-07
1282.5,1.64E-07,1.61E-07,1.57E-07,1.54E-07,1.51E-07,1.48E-07
1290,1.64E-07,1.61E-07,1.58E-07,1.55E-07,1.52E-07,1.49E-07
1297.5,1.65E-07,1.62E-07,1.58E-07,1.55E-07,1.52E-07,1.49E-07
1305,1.66E-07,1.62E-07,1.59E-07,1.56E-07,1.53E-07,1.50E-07
1312.5,1.66E-07,1.63E-07,1.60E-07,1.56E-07,1.53E-07,1.51E-07
1320,1.67E-07,1.63E-07,1.60E-07,1.57E-07,1.54E-07,1.51E-07
1327.5,1.67E-07,1.64E-07,1.61E-07,1.58E-07,1.55E-07,1.52E-07
1335,1.68E-07,1.65E-07,1.61E-07,1.58E-07,1.55E-07,1.52E-07
1342.5,1.68E-07,1.65E-07,1.62E-07,1.59E-07,1.56E-07,1.53E-07
1350,1.69E-07,1.66E-07,1.63E-07,1.60E-07,1.57E-07,1.54E-07
1357.5,1.70E-07,1.67E-07,1.63E-07,1.60E-07,1.57E-07,1.54E-07
1365,1.70E-07,1.67E-07,1.64E-07,1.61E-07,1.58E-07,1.55E-07
1372.5,1.71E-07,1.68E-07,1.65E-07,1.62E-07,1.59E-07,1.56E-07
1380,1.72E-07,1.69E-07,1.66E-07,1.62E-07,1.59E-07,1.57E-07
1387.5,1.73E-07,1.69E-07,1.66E-07,1.63E-07,1.60E-07,1.57E-07
1395,1.74E-07,1.70E-07,1.67E-07,1.64E-07,1.61E-07,1.58E-07
1402.5,1.74E-07,1.71E-07,1.68E-07,1.65E-07,1.62E-07,1.59E-07
1410,1.75E-07,1.72E-07,1.69E-07,1.66E-07,1.63E-07,1.60E-07
1417.5,1.76E-07,1.73E-07,1.70E-07,1.67E-07,1.64E-07,1.61E-07
1425,1.77E-07,1.74E-07,1.71E-07,1.68E-07,1.65E-07,1.62E-07
1432.5,1.78E-07,1.75E-07,1.72E-07,1.68E-07,1.66E-07,1.63E-07
1440,1.79E-07,1.76E-07,1.72E-07,1.69E-07,1.66E-07,1.64E-07
1447.5,1.80E-07,1.77E-07,1.73E-07,1.70E-07,1.67E-07,1.65E-07
1455,1.81E-07,1.77E-07,1.74E-07,1.71E-07,1.68E-07,1.65E-07
1462.5,1.82E-07,1.78E-07,1.75E-07,1.72E-07,1.69E-07,1.66E-07
1470,1.83E-07,1.79E-07,1.76E-07,1.73E-07,1.70E-07,1.67E-07
1477.5,1.83E-07,1.80E-07,1.77E-07,1.74E-07,1.71E-07,1.68E-07
1485,1.84E-07,1.81E-07,1.78E-07,1.75E-07,1.72E-07,1.69E-07
1492.5,1.85E-07,1.82E-07,1.79E-07,1.76E-07,1.73E-07,1.70E-07
1500,1.86E-07,1.83E-07,1.80E-07,1.77E-07,1.74E-07,1.71E-07
1507.5,1.87E-07,1.84E-07,1.81E-07,1.78E-07,1.75E-07,1.72E-07
1515,1.88E-07,1.85E-07,1.81E-07,1.78E-07,1.75E-07,1.73E-07
1522.5,1.89E-07,1.85E-07,1.82E-07,1.79E-07,1.76E-07,1.73E-07
1530,1.89E-07,1.86E-07,1.83E-07,1.80E-07,1.77E-07,1.74E-07
1537.5,1.90E-07,1.87E-07,1.84E-07,1.81E-07,1.78E-07,1.75E-07
1545,1.91E-07,1.88E-07,1.85E-07,1.82E-07,1.79E-07,1.76E-07
1552.5,1.92E-07,1.89E-07,1.86E-07,1.83E-07,1.80E-07,1.77E-07
1560,1.93E-07,1.89E-07,1.86E-07,1.83E-07,1.80E-07,1.78E-07
1567.5,1.93E-07,1.90E-07,1.87E-07,1.84E-07,1.81E-07,1.78E-07
1575,1.94E-07,1.91E-07,1.88E-07,1.85E-07,1.82E-07,1.79E-07
1582.5,1.95E-07,1.92E-07,1.89E-07,1.86E-07,1.83E-07,1.80E-07
1590,1.96E-07,1.93E-07,1.90E-07,1.87E-07,1.84E-07,1.81E-07
1597.5,1.97E-07,1.94E-07,1.91E-07,1.88E-07,1.85E-07,1.82E-07
1605,1.98E-07,1.94E-07,1.91E-07,1.88E-07,1.85E-07,1.83E-07
1612.5,1.98E-07,1.95E-07,1.92E-07,1.89E-07,1.86E-07,1.84E-07
1620,1.99E-07,1.96E-07,1.93E-07,1.90E-07,1.87E-07,1.84E-07
1627.5,2.00E-07,1.97E-07,1.94E-07,1.91E-07,1.88E-07,1.85E-07
1635,2.01E-07,1.98E-07,1.95E-07,1.92E-07,1.89E-07,1.86E-07
1642.5,2.02E-07,1.98E-07,1.95E-07,1.93E-07,1.90E-07,1.87E-07
1650,2.02E-07,1.99E-07,1.96E-07,1.93E-07,1.90E-07,1.88E-07
1657.5,2.03E-07,2.00E-07,1.97E-07,1.94E-07,1.91E-07,1.88E-07
1665,2.04E-07,2.01E-07,1.98E-07,1.95E-07,1.92E-07,1.89E-07
1672.5,2.04E-07,2.01E-07,1.98E-07,1.96E-07,1.93E-07,1.90E-07
1680,2.05E-07,2.02E-07,1.99E-07,1.96E-07,1.93E-07,1.91E-07
1687.5,2.06E-07,2.03E-07,2.00E-07,1.97E-07,1.94E-07,1.91E-07
1695,2.06E-07,2.03E-07,2.00E-07,1.98E-07,1.95E-07,1.92E-07
1702.5,2.07E-07,2.04E-07,2.01E-07,1.98E-07,1.95E-07,1.93E-07
1710,2.07E-07,2.04E-07,2.02E-07,1.99E-07,1.96E-07,1.93E-07
1717.5,2.08E-07,2.05E-07,2.02E-07,1.99E-07,1.96E-07,1.94E-07
1725,2.08E-07,2.05E-07,2.03E-07,2.00E-07,1.97E-07,1.94E-07
1732.5,2.09E-07,2.06E-07,2.03E-07,2.00E-07,1.97E-07,1.95E-07
1740,2.09E-07,2.06E-07,2.03E-07,2.01E-07,1.98E-07,1.95E-07
1747.5,2.10E-07,2.07E-07,2.04E-07,2.01E-07,1.98E-07,1.96E-07
1755,2.10E-07,2.07E-07,2.04E-07,2.01E-07,1.99E-07,1.96E-07
1762.5,2.10E-07,2.07E-07,2.05E-07,2.02E-07,1.99E-07,1.97E-07
1770,2.11E-07,2.08E-07,2.05E-07,2.02E-07,2.00E-07,1.97E-07
1777.5,2.11E-07,2.08E-07,2.05E-07,2.03E-07,2.00E-07,1.97E-07
1785,2.11E-07,2.09E-07,2.06E-07,2.03E-07,2.00E-07,1.98E-07
1792.5,2.12E-07,2.09E-07,2.06E-07,2.04E-07,2.01E-07,1.98E-07
1800,2.12E-07,2.09E-07,2.07E-07,2.04E-07,2.01E-07,1.99E-07
1807.5,2.13E-07,2.10E-07,2.07E-07,2.04E-07,2.02E-07,1.99E-07
1815,2.13E-07,2.10E-07,2.07E-07,2.05E-07,2.02E-07,2.00E-07
1822.5,2.13E-07,2.11E-07,2.08E-07,2.05E-07,2.03E-07,2.00E-07
1830,2.14E-07,2.11E-07,2.08E-07,2.06E-07,2.03E-07,2.01E-07
1837.5,2.14E-07,2.11E-07,2.09E-07,2.06E-07,2.04E-07,2.01E-07
1845,2.15E-07,2.12E-07,2.09E-07,2.07E-07,2.04E-07,2.02E-07
1852.5,2.15E-07,2.12E-07,2.10E-07,2.07E-07,2.05E-07,2.02E-07
1860,2.15E-07,2.13E-07,2.10E-07,2.07E-07,2.05E-07,2.03E-07
1867.5,2.16E-07,2.13E-07,2.10E-07,2.08E-07,2.05E-07,2.03E-07
1875,2.16E-07,2.14E-07,2.11E-07,2.08E-07,2.06E-07,2.03E-07
1882.5,2.17E-07,2.14E-07,2.11E-07,2.09E-07,2.06E-07,2.04E-07
1890,2.17E-07,2.14E-07,2.12E-07,2.09E-07,2.07E-07,2.04E-07
1897.5,2.17E-07,2.15E-07,2.12E-07,2.10E-07,2.07E-07,2.05E-07
1905,2.18E-07,2.15E-07,2.13E-07,2.10E-07,2.08E-07,2.05E-07
1912.5,2.18E-07,2.15E-07,2.13E-07,2.10E-07,2.08E-07,2.06E-07
1920,2.18E-07,2.16E-07,2.13E-07,2.11E-07,2.08E-07,2.06E-07
1927.5,2.19E-07,2.16E-07,2.14E-07,2.11E-07,2.09E-07,2.07E-07
1935,2.19E-07,2.17E-07,2.14E-07,2.12E-07,2.09E-07,2.07E-07
1942.5,2.19E-07,2.17E-07,2.14E-07,2.12E-07,2.10E-07,2.07E-07
1950,2.20E-07,2.17E-07,2.15E-07,2.12E-07,2.10E-07,2.08E-07
1957.5,2.20E-07,2.18E-07,2.15E-07,2.13E-07,2.10E-07,2.08E-07
1965,2.20E-07,2.18E-07,2.16E-07,2.13E-07,2.11E-07,2.09E-07
1972.5,2.21E-07,2.18E-07,2.16E-07,2.14E-07,2.11E-07,2.09E-07
1980,2.21E-07,2.19E-07,2.16E-07,2.14E-07,2.12E-07,2.09E-07
1987.5,2.21E-07,2.19E-07,2.16E-07,2.14E-07,2.12E-07,2.10E-07
1995,2.21E-07,2.19E-07,2.17E-07,2.14E-07,2.12E-07,2.10E-07
2002.5,2.22E-07,2.19E-07,2.17E-07,2.15E-07,2.12E-07,2.10E-07
2010,2.22E-07,2.19E-07,2.17E-07,2.15E-07,2.13E-07,2.10E-07
2017.5,2.22E-07,2.19E-07,2.17E-07,2.15E-07,2.13E-07,2.11E-07
2025,2.22E-07,2.20E-07,2.17E-07,2.15E-07,2.13E-07,2.11E-07
2032.5,2.22E-07,2.20E-07,2.17E-07,2.15E-07,2.13E-07,2.11E-07
2040,2.22E-07,2.20E-07,2.17E-07,2.15E-07,2.13E-07,2.11E-07
2047.5,2.22E-07,2.19E-07,2.17E-07,2.15E-07,2.13E-07,2.11E-07
2055,2.22E-07,2.19E-07,2.17E-07,2.15E-07,2.13E-07,2.11E-07
2062.5,2.21E-07,2.19E-07,2.17E-07,2.15E-07,2.13E-07,2.11E-07
2070,2.21E-07,2.19E-07,2.17E-07,2.15E-07,2.13E-07,2.11E-07
2077.5,2.21E-07,2.19E-07,2.17E-07,2.15E-07,2.12E-07,2.10E-07
2085,2.21E-07,2.18E-07,2.16E-07,2.14E-07,2.12E-07,2.10E-07
2092.5,2.20E-07,2.18E-07,2.16E-07,2.14E-07,2.12E-07,2.10E-07
2100,2.20E-07,2.17E-07,2.15E-07,2.13E-07,2.11E-07,2.09E-07
2107.5,2.19E-07,2.17E-07,2.15E-07,2.13E-07,2.11E-07,2.09E-07
2115,2.18E-07,2.16E-07,2.14E-07,2.12E-07,2.10E-07,2.08E-07
2122.5,2.18E-07,2.16E-07,2.14E-07,2.12E-07,2.10E-07,2.08E-07
2130,2.17E-07,2.15E-07,2.13E-07,2.11E-07,2.09E-07,2.07E-07
2137.5,2.16E-07,2.14E-07,2.12E-07,2.10E-07,2.08E-07,2.07E-07
2145,2.15E-07,2.13E-07,2.11E-07,2.09E-07,2.08E-07,2.06E-07
2152.5,2.14E-07,2.12E-07,2.10E-07,2.08E-07,2.07E-07,2.05E-07
2160,2.13E-07,2.11E-07,2.09E-07,2.08E-07,2.06E-07,2.04E-07
2167.5,2.12E-07,2.10E-07,2.08E-07,2.07E-07,2.05E-07,2.03E-07
2175,2.11E-07,2.09E-07,2.07E-07,2.06E-07,2.04E-07,2.02E-07
2182.5,2.10E-07,2.08E-07,2.06E-07,2.05E-07,2.03E-07,2.01E-07
2190,2.09E-07,2.07E-07,2.05E-07,2.04E-07,2.02E-07,2.00E-07
2197.5,2.08E-07,2.06E-07,2.04E-07,2.02E-07,2.01E-07,1.99E-07
2205,2.07E-07,2.05E-07,2.03E-07,2.01E-07,2.00E-07,1.98E-07
2212.5,2.05E-07,2.04E-07,2.02E-07,2.00E-07,1.99E-07,1.97E-07
2220,2.04E-07,2.03E-07,2.01E-07,1.99E-07,1.98E-07,1.96E-07
2227.5,2.03E-07,2.02E-07,2.00E-07,1.98E-07,1.97E-07,1.95E-07
2235,2.02E-07,2.00E-07,1.99E-07,1.97E-07,1.96E-07,1.94E-07
2242.5,2.01E-07,1.99E-07,1.98E-07,1.96E-07,1.95E-07,1.93E-07
2250,2.00E-07,1.98E-07,1.97E-07,1.95E-07,1.93E-07,1.92E-07
2257.5,1.98E-07,1.97E-07,1.95E-07,1.94E-07,1.92E-07,1.91E-07
2265,1.97E-07,1.96E-07,1.94E-07,1.93E-07,1.91E-07,1.90E-07
2272.5,1.96E-07,1.94E-07,1.93E-07,1.91E-07,1.90E-07,1.88E-07
2280,1.94E-07,1.93E-07,1.91E-07,1.90E-07,1.88E-07,1.87E-07
2287.5,1.92E-07,1.91E-07,1.90E-07,1.88E-07,1.87E-07,1.85E-07
2295,1.91E-07,1.89E-07,1.88E-07,1.86E-07,1.85E-07,1.84E-07
2302.5,1.89E-07,1.87E-07,1.86E-07,1.85E-07,1.83E-07,1.82E-07
2310,1.87E-07,1.85E-07,1.84E-07,1.83E-07,1.81E-07,1.80E-07
2317.5,1.84E-07,1.83E-07,1.82E-07,1.80E-07,1.79E-07,1.78E-07
2325,1.82E-07,1.81E-07,1.79E-07,1.78E-07,1.77E-07,1.75E-07
2332.5,1.79E-07,1.78E-07,1.77E-07,1.76E-07,1.74E-07,1.73E-07
2340,1.77E-07,1.75E-07,1.74E-07,1.73E-07,1.72E-07,1.70E-07
2347.5,1.74E-07,1.72E-07,1.71E-07,1.70E-07,1.69E-07,1.68E-07
2355,1.71E-07,1.69E-07,1.68E-07,1.67E-07,1.66E-07,1.65E-07
2362.5,1.67E-07,1.66E-07,1.65E-07,1.64E-07,1.63E-07,1.61E-07
2370,1.64E-07,1.63E-07,1.62E-07,1.60E-07,1.59E-07,1.58E-07
2377.5,1.60E-07,1.59E-07,1.58E-07,1.57E-07,1.56E-07,1.55E-07
2385,1.57E-07,1.56E-07,1.55E-07,1.53E-07,1.52E-07,1.51E-07
2392.5,1.53E-07,1.52E-07,1.51E-07,1.50E-07,1.49E-07,1.48E-07
2400,1.49E-07,1.48E-07,1.47E-07,1.46E-07,1.45E-07,1.44E-07
2407.5,1.45E-07,1.44E-07,1.43E-07,1.42E-07,1.41E-07,1.40E-07
2415,1.41E-07,1.40E-07,1.39E-07,1.38E-07,1.37E-07,1.36E-07
2422.5,1.37E-07,1.36E-07,1.35E-07,1.34E-07,1.33E-07,1.32E-07
2430,1.33E-07,1.32E-07,1.31E-07,1.30E-07,1.29E-07,1.28E-07
2437.5,1.29E-07,1.28E-07,1.27E-07,1.26E-07,1.25E-07,1.24E-07
2445,1.25E-07,1.24E-07,1.23E-07,1.22E-07,1.21E-07,1.20E-07
2452.5,1.20E-07,1.20E-07,1.19E-07,1.18E-07,1.17E-07,1.16E-07
2460,1.16E-07,1.15E-07,1.15E-07,1.14E-07,1.13E-07,1.12E-07
2467.5,1.12E-07,1.11E-07,1.11E-07,1.10E-07,1.09E-07,1.08E-07
2475,1.08E-07,1.08E-07,1.07E-07,1.06E-07,1.05E-07,1.04E-07
2482.5,1.05E-07,1.04E-07,1.03E-07,1.02E-07,1.01E-07,1.01E-07
2490,1.01E-07,1.00E-07,9.94E-08,9.86E-08,9.79E-08,9.72E-08
2497.5,9.74E-08,9.66E-08,9.59E-08,9.52E-08,9.45E-08,9.38E-08
2505,9.41E-08,9.33E-08,9.26E-08,9.19E-08,9.12E-08,9.06E-08
2512.5,9.09E-08,9.02E-08,8.95E-08,8.89E-08,8.82E-08,8.75E-08
2520,8.80E-08,8.73E-08,8.67E-08,8.60E-08,8.53E-08,8.47E-08
2527.5,8.53E-08,8.46E-08,8.40E-08,8.33E-08,8.27E-08,8.21E-08
2535,8.28E-08,8.22E-08,8.15E-08,8.09E-08,8.03E-08,7.97E-08
2542.5,8.06E-08,7.99E-08,7.93E-08,7.87E-08,7.81E-08,7.75E-08
2550,7.85E-08,7.79E-08,7.73E-08,7.67E-08,7.61E-08,7.55E-08
2557.5,7.67E-08,7.61E-08,7.55E-08,7.49E-08,7.43E-08,7.37E-08
2565,7.50E-08,7.44E-08,7.38E-08,7.32E-08,7.26E-08,7.21E-08
2572.5,7.35E-08,7.29E-08,7.23E-08,7.17E-08,7.12E-08,7.06E-08
2580,7.22E-08,7.16E-08,7.10E-08,7.04E-08,6.99E-08,6.93E-08
2587.5,7.10E-08,7.04E-08,6.98E-08,6.93E-08,6.87E-08,6.82E-08
2595,6.99E-08,6.94E-08,6.88E-08,6.82E-08,6.77E-08,6.71E-08
2602.5,6.90E-08,6.84E-08,6.79E-08,6.73E-08,6.68E-08,6.62E-08
2610,6.81E-08,6.76E-08,6.70E-08,6.65E-08,6.59E-08,6.54E-08
2617.5,6.74E-08,6.69E-08,6.63E-08,6.58E-08,6.52E-08,6.47E-08
2625,6.68E-08,6.62E-08,6.57E-08,6.51E-08,6.46E-08,6.41E-08
2632.5,6.62E-08,6.57E-08,6.52E-08,6.46E-08,6.41E-08,6.36E-08
2640,6.58E-08,6.53E-08,6.48E-08,6.42E-08,6.37E-08,6.32E-08
2647.5,6.55E-08,6.50E-08,6.44E-08,6.39E-08,6.34E-08,6.29E-08
2655,6.52E-08,6.47E-08,6.42E-08,6.37E-08,6.32E-08,6.26E-08
2662.5,6.51E-08,6.45E-08,6.40E-08,6.35E-08,6.30E-08,6.25E-08
2670,6.49E-08,6.44E-08,6.39E-08,6.34E-08,6.29E-08,6.24E-08
2677.5,6.49E-08,6.44E-08,6.38E-08,6.33E-08,6.28E-08,6.23E-08
2685,6.48E-08,6.43E-08,6.38E-08,6.33E-08,6.28E-08,6.23E-08
2692.5,6.48E-08,6.43E-08,6.38E-08,6.33E-08,6.28E-08,6.23E-08
2700,6.48E-08,6.43E-08,6.38E-08,6.33E-08,6.28E-08,6.23E-08
2707.5,6.48E-08,6.43E-08,6.38E-08,6.33E-08,6.28E-08,6.23E-08
2715,6.47E-08,6.42E-08,6.37E-08,6.32E-08,6.27E-08,6.23E-08
2722.5,6.47E-08,6.42E-08,6.37E-08,6.32E-08,6.27E-08,6.22E-08
2730,6.46E-08,6.41E-08,6.36E-08,6.31E-08,6.27E-08,6.22E-08
2737.5,6.45E-08,6.41E-08,6.36E-08,6.31E-08,6.26E-08,6.21E-08
2745,6.45E-08,6.40E-08,6.35E-08,6.30E-08,6.26E-08,6.21E-08
2752.5,6.44E-08,6.40E-08,6.35E-08,6.30E-08,6.25E-08,6.21E-08
2760,6.44E-08,6.39E-08,6.35E-08,6.30E-08,6.25E-08,6.21E-08
2767.5,6.45E-08,6.40E-08,6.35E-08,6.30E-08,6.26E-08,6.21E-08
2775,6.45E-08,6.40E-08,6.36E-08,6.31E-08,6.26E-08,6.22E-08
2782.5,6.46E-08,6.41E-08,6.37E-08,6.32E-08,6.27E-08,6.23E-08
2790,6.48E-08,6.43E-08,6.38E-08,6.34E-08,6.29E-08,6.24E-08
2797.5,6.50E-08,6.45E-08,6.40E-08,6.36E-08,6.31E-08,6.26E-08
2805,6.52E-08,6.47E-08,6.42E-08,6.38E-08,6.33E-08,6.29E-08
2812.5,6.54E-08,6.49E-08,6.45E-08,6.40E-08,6.36E-08,6.31E-08
2820,6.57E-08,6.52E-08,6.47E-08,6.43E-08,6.38E-08,6.34E-08
2827.5,6.59E-08,6.54E-08,6.50E-08,6.45E-08,6.41E-08,6.36E-08
2835,6.62E-08,6.57E-08,6.52E-08,6.48E-08,6.43E-08,6.39E-08
2842.5,6.64E-08,6.59E-08,6.55E-08,6.50E-08,6.46E-08,6.41E-08
2850,6.66E-08,6.61E-08,6.57E-08,6.52E-08,6.48E-08,6.43E-08
2857.5,6.68E-08,6.63E-08,6.59E-08,6.54E-08,6.50E-08,6.45E-08
2865,6.70E-08,6.65E-08,6.61E-08,6.56E-08,6.52E-08,6.47E-08
2872.5,6.71E-08,6.67E-08,6.62E-08,6.58E-08,6.53E-08,6.49E-08
2880,6.73E-08,6.69E-08,6.64E-08,6.60E-08,6.55E-08,6.51E-08
2887.5,6.75E-08,6.70E-08,6.66E-08,6.62E-08,6.57E-08,6.53E-08
2895,6.77E-08,6.72E-08,6.68E-08,6.64E-08,6.59E-08,6.55E-08
2902.5,6.79E-08,6.75E-08,6.70E-08,6.66E-08,6.62E-08,6.57E-08
2910,6.82E-08,6.77E-08,6.73E-08,6.69E-08,6.64E-08,6.60E-08
2917.5,6.84E-08,6.80E-08,6.76E-08,6.71E-08,6.67E-08,6.63E-08
2925,6.87E-08,6.83E-08,6.79E-08,6.74E-08,6.70E-08,6.66E-08
2932.5,6.91E-08,6.86E-08,6.82E-08,6.78E-08,6.73E-08,6.69E-08
2940,6.94E-08,6.90E-08,6.85E-08,6.81E-08,6.77E-08,6.73E-08
2947.5,6.97E-08,6.93E-08,6.89E-08,6.84E-08,6.80E-08,6.76E-08
2955,7.00E-08,6.96E-08,6.92E-08,6.87E-08,6.83E-08,6.79E-08
2962.5,7.03E-08,6.98E-08,6.94E-08,6.90E-08,6.86E-08,6.82E-08
2970,7.05E-08,7.01E-08,6.97E-08,6.92E-08,6.88E-08,6.84E-08
2977.5,7.07E-08,7.02E-08,6.98E-08,6.94E-08,6.90E-08,6.86E-08
2985,7.08E-08,7.04E-08,6.99E-08,6.95E-08,6.91E-08,6.87E-08
2992.5,7.08E-08,7.04E-08,7.00E-08,6.96E-08,6.92E-08,6.88E-08
3000,7.08E-08,7.04E-08,7.00E-08,6.96E-08,6.92E-08,6.88E-08
3007.5,7.07E-08,7.03E-08,6.99E-08,6.95E-08,6.91E-08,6.87E-08
3015,7.06E-08,7.02E-08,6.98E-08,6.94E-08,6.90E-08,6.86E-08
3022.5,7.05E-08,7.01E-08,6.97E-08,6.93E-08,6.89E-08,6.85E-08
3030,7.03E-08,6.99E-08,6.95E-08,6.91E-08,6.87E-08,6.83E-08
3037.5,7.01E-08,6.97E-08,6.93E-08,6.89E-08,6.86E-08,6.82E-08
3045,6.99E-08,6.95E-08,6.91E-08,6.88E-08,6.84E-08,6.80E-08
3052.5,6.97E-08,6.93E-08,6.89E-08,6.86E-08,6.82E-08,6.78E-08
3060,6.95E-08,6.91E-08,6.88E-08,6.84E-08,6.80E-08,6.77E-08
3067.5,6.93E-08,6.90E-08,6.86E-08,6.82E-08,6.79E-08,6.75E-08
3075,6.92E-08,6.88E-08,6.84E-08,6.81E-08,6.77E-08,6.73E-08
3082.5,6.90E-08,6.86E-08,6.83E-08,6.79E-08,6.75E-08,6.72E-08
3090,6.88E-08,6.85E-08,6.81E-08,6.77E-08,6.74E-08,6.70E-08
3097.5,6.87E-08,6.83E-08,6.79E-08,6.76E-08,6.72E-08,6.69E-08
3105,6.85E-08,6.81E-08,6.78E-08,6.74E-08,6.71E-08,6.67E-08
3112.5,6.83E-08,6.79E-08,6.76E-08,6.72E-08,6.69E-08,6.65E-08
3120,6.81E-08,6.77E-08,6.74E-08,6.70E-08,6.67E-08,6.63E-08
3127.5,6.78E-08,6.75E-08,6.71E-08,6.68E-08,6.65E-08,6.61E-08
3135,6.76E-08,6.72E-08,6.69E-08,6.66E-08,6.62E-08,6.59E-08
3142.5,6.73E-08,6.70E-08,6.66E-08,6.63E-08,6.60E-08,6.56E-08
3150,6.70E-08,6.67E-08,6.63E-08,6.60E-08,6.57E-08,6.53E-08
3157.5,6.67E-08,6.64E-08,6.60E-08,6.57E-08,6.54E-08,6.50E-08
3165,6.64E-08,6.60E-08,6.57E-08,6.54E-08,6.51E-08,6.47E-08
3172.5,6.60E-08,6.57E-08,6.54E-08,6.51E-08,6.47E-08,6.44E-08
3180,6.57E-08,6.54E-08,6.51E-08,6.47E-08,6.44E-08,6.41E-08
3187.5,6.54E-08,6.51E-08,6.47E-08,6.44E-08,6.41E-08,6.38E-08
3195,6.51E-08,6.48E-08,6.44E-08,6.41E-08,6.38E-08,6.35E-08
3202.5,6.48E-08,6.45E-08,6.42E-08,6.38E-08,6.35E-08,6.32E-08
3210,6.45E-08,6.42E-08,6.39E-08,6.36E-08,6.33E-08,6.30E-08
3217.5,6.43E-08,6.39E-08,6.36E-08,6.33E-08,6.30E-08,6.27E-08
3225,6.40E-08,6.37E-08,6.34E-08,6.31E-08,6.28E-08,6.25E-08
3232.5,6.38E-08,6.35E-08,6.32E-08,6.29E-08,6.26E-08,6.23E-08
3240,6.36E-08,6.33E-08,6.30E-08,6.27E-08,6.24E-08,6.21E-08
3247.5,6.34E-08,6.31E-08,6.28E-08,6.26E-08,6.23E-08,6.20E-08
3255,6.33E-08,6.30E-08,6.27E-08,6.24E-08,6.21E-08,6.19E-08
3262.5,6.32E-08,6.29E-08,6.26E-08,6.23E-08,6.21E-08,6.18E-08
3270,6.31E-08,6.28E-08,6.26E-08,6.23E-08,6.20E-08,6.17E-08
3277.5,6.31E-08,6.28E-08,6.25E-08,6.23E-08,6.20E-08,6.17E-08
3285,6.31E-08,6.28E-08,6.26E-08,6.23E-08,6.20E-08,6.17E-08
3292.5,6.32E-08,6.29E-08,6.26E-08,6.23E-08,6.21E-08,6.18E-08
3300,6.33E-08,6.30E-08,6.27E-08,6.25E-08,6.22E-08,6.19E-08
3307.5,6.34E-08,6.32E-08,6.29E-08,6.26E-08,6.24E-08,6.21E-08
3315,6.36E-08,6.34E-08,6.31E-08,6.28E-08,6.26E-08,6.23E-08
3322.5,6.39E-08,6.36E-08,6.33E-08,6.31E-08,6.28E-08,6.26E-08
3330,6.42E-08,6.39E-08,6.36E-08,6.34E-08,6.31E-08,6.28E-08
3337.5,6.45E-08,6.42E-08,6.40E-08,6.37E-08,6.34E-08,6.32E-08
3345,6.48E-08,6.46E-08,6.43E-08,6.41E-08,6.38E-08,6.35E-08
3352.5,6.52E-08,6.50E-08,6.47E-08,6.45E-08,6.42E-08,6.40E-08
3360,6.57E-08,6.54E-08,6.52E-08,6.49E-08,6.47E-08,6.44E-08
3367.5,6.62E-08,6.59E-08,6.57E-08,6.54E-08,6.52E-08,6.49E-08
3375,6.67E-08,6.65E-08,6.62E-08,6.60E-08,6.57E-08,6.55E-08
3382.5,6.73E-08,6.71E-08,6.68E-08,6.66E-08,6.63E-08,6.61E-08
3390,6.79E-08,6.77E-08,6.74E-08,6.72E-08,6.69E-08,6.67E-08
3397.5,6.86E-08,6.83E-08,6.81E-08,6.78E-08,6.76E-08,6.73E-08
3405,6.92E-08,6.90E-08,6.87E-08,6.85E-08,6.82E-08,6.80E-08
3412.5,6.99E-08,6.97E-08,6.94E-08,6.92E-08,6.89E-08,6.87E-08
3420,7.06E-08,7.04E-08,7.01E-08,6.99E-08,6.96E-08,6.94E-08
3427.5,7.13E-08,7.11E-08,7.08E-08,7.06E-08,7.04E-08,7.01E-08
3435,7.20E-08,7.18E-08,7.15E-08,7.13E-08,7.11E-08,7.08E-08
3442.5,7.27E-08,7.24E-08,7.22E-08,7.20E-08,7.17E-08,7.15E-08
3450,7.33E-08,7.31E-08,7.29E-08,7.26E-08,7.24E-08,7.22E-08
3457.5,7.39E-08,7.37E-08,7.35E-08,7.32E-08,7.30E-08,7.28E-08
3465,7.45E-08,7.43E-08,7.40E-08,7.38E-08,7.36E-08,7.34E-08
3472.5,7.50E-08,7.48E-08,7.46E-08,7.43E-08,7.41E-08,7.39E-08
3480,7.55E-08,7.52E-08,7.50E-08,7.48E-08,7.46E-08,7.43E-08
3487.5,7.59E-08,7.57E-08,7.54E-08,7.52E-08,7.50E-08,7.48E-08
3495,7.62E-08,7.60E-08,7.58E-08,7.56E-08,7.53E-08,7.51E-08
3502.5,7.65E-08,7.63E-08,7.61E-08,7.58E-08,7.56E-08,7.54E-08
3510,7.67E-08,7.65E-08,7.63E-08,7.61E-08,7.59E-08,7.57E-08
3517.5,7.69E-08,7.67E-08,7.65E-08,7.63E-08,7.61E-08,7.59E-08
3525,7.71E-08,7.68E-08,7.66E-08,7.64E-08,7.62E-08,7.60E-08
3532.5,7.72E-08,7.70E-08,7.68E-08,7.66E-08,7.64E-08,7.62E-08
3540,7.73E-08,7.71E-08,7.69E-08,7.67E-08,7.65E-08,7.63E-08
3547.5,7.73E-08,7.71E-08,7.69E-08,7.67E-08,7.65E-08,7.63E-08
3555,7.74E-08,7.72E-08,7.70E-08,7.68E-08,7.66E-08,7.64E-08
3562.5,7.74E-08,7.72E-08,7.70E-08,7.68E-08,7.66E-08,7.64E-08
3570,7.74E-08,7.72E-08,7.70E-08,7.68E-08,7.67E-08,7.65E-08
3577.5,7.74E-08,7.72E-08,7.70E-08,7.68E-08,7.67E-08,7.65E-08
3585,7.74E-08,7.72E-08,7.70E-08,7.68E-08,7.66E-08,7.65E-08
3592.5,7.73E-08,7.71E-08,7.70E-08,7.68E-08,7.66E-08,7.64E-08
3600,7.72E-08,7.71E-08,7.69E-08,7.67E-08,7.66E-08,7.64E-08
3607.5,7.72E-08,7.70E-08,7.68E-08,7.66E-08,7.65E-08,7.63E-08
3615,7.70E-08,7.69E-08,7.67E-08,7.65E-08,7.64E-08,7.62E-08
3622.5,7.69E-08,7.68E-08,7.66E-08,7.64E-08,7.63E-08,7.61E-08
3630,7.68E-08,7.66E-08,7.65E-08,7.63E-08,7.61E-08,7.60E-08
3637.5,7.66E-08,7.65E-08,7.63E-08,7.62E-08,7.60E-08,7.58E-08
3645,7.65E-08,7.63E-08,7.61E-08,7.60E-08,7.58E-08,7.57E-08
3652.5,7.63E-08,7.61E-08,7.60E-08,7.58E-08,7.57E-08,7.55E-08
3660,7.61E-08,7.59E-08,7.58E-08,7.57E-08,7.55E-08,7.54E-08
3667.5,7.59E-08,7.58E-08,7.56E-08,7.55E-08,7.53E-08,7.52E-08
3675,7.57E-08,7.56E-08,7.54E-08,7.53E-08,7.52E-08,7.50E-08
3682.5,7.55E-08,7.54E-08,7.53E-08,7.51E-08,7.50E-08,7.49E-08
3690,7.53E-08,7.52E-08,7.51E-08,7.49E-08,7.48E-08,7.47E-08
3697.5,7.51E-08,7.50E-08,7.49E-08,7.48E-08,7.46E-08,7.45E-08
3705,7.49E-08,7.48E-08,7.47E-08,7.45E-08,7.44E-08,7.43E-08
3712.5,7.47E-08,7.46E-08,7.44E-08,7.43E-08,7.42E-08,7.41E-08
3720,7.44E-08,7.43E-08,7.42E-08,7.41E-08,7.39E-08,7.38E-08
3727.5,7.41E-08,7.40E-08,7.39E-08,7.38E-08,7.37E-08,7.36E-08
3735,7.38E-08,7.37E-08,7.36E-08,7.35E-08,7.34E-08,7.32E-08
3742.5,7.34E-08,7.33E-08,7.32E-08,7.31E-08,7.30E-08,7.29E-08
3750,7.30E-08,7.29E-08,7.28E-08,7.27E-08,7.26E-08,7.25E-08
3757.5,7.25E-08,7.24E-08,7.23E-08,7.22E-08,7.21E-08,7.20E-08
3765,7.19E-08,7.18E-08,7.17E-08,7.16E-08,7.15E-08,7.14E-08
3772.5,7.12E-08,7.11E-08,7.10E-08,7.09E-08,7.08E-08,7.08E-08
3780,7.05E-08,7.04E-08,7.03E-08,7.02E-08,7.01E-08,7.00E-08
3787.5,6.96E-08,6.95E-08,6.95E-08,6.94E-08,6.93E-08,6.92E-08
3795,6.87E-08,6.86E-08,6.85E-08,6.84E-08,6.84E-08,6.83E-08
3802.5,6.77E-08,6.76E-08,6.75E-08,6.74E-08,6.73E-08,6.73E-08
3810,6.65E-08,6.64E-08,6.64E-08,6.63E-08,6.62E-08,6.61E-08
3817.5,6.53E-08,6.52E-08,6.51E-08,6.51E-08,6.50E-08,6.49E-08
3825,6.40E-08,6.39E-08,6.38E-08,6.38E-08,6.37E-08,6.36E-08
3832.5,6.26E-08,6.25E-08,6.24E-08,6.24E-08,6.23E-08,6.22E-08
3840,6.11E-08,6.10E-08,6.10E-08,6.09E-08,6.08E-08,6.08E-08
3847.5,5.95E-08,5.95E-08,5.94E-08,5.93E-08,5.93E-08,5.92E-08
3855,5.79E-08,5.78E-08,5.78E-08,5.77E-08,5.77E-08,5.76E-08
3862.5,5.62E-08,5.61E-08,5.61E-08,5.60E-08,5.60E-08,5.59E-08
3870,5.44E-08,5.44E-08,5.43E-08,5.43E-08,5.42E-08,5.42E-08
3877.5,5.27E-08,5.26E-08,5.26E-08,5.25E-08,5.25E-08,5.24E-08
3885,5.08E-08,5.08E-08,5.08E-08,5.07E-08,5.07E-08,5.06E-08
3892.5,4.90E-08,4.90E-08,4.90E-08,4.89E-08,4.89E-08,4.88E-08
3900,4.72E-08,4.72E-08,4.72E-08,4.71E-08,4.71E-08,4.70E-08
3907.5,4.55E-08,4.54E-08,4.54E-08,4.53E-08,4.53E-08,4.53E-08
3915,4.37E-08,4.37E-08,4.36E-08,4.36E-08,4.36E-08,4.35E-08
3922.5,4.20E-08,4.20E-08,4.20E-08,4.19E-08,4.19E-08,4.19E-08
3930,4.05E-08,4.04E-08,4.04E-08,4.04E-08,4.03E-08,4.03E-08
3937.5,3.90E-08,3.90E-08,3.89E-08,3.89E-08,3.89E-08,3.88E-08
3945,3.76E-08,3.76E-08,3.76E-08,3.76E-08,3.75E-08,3.75E-08
3952.5,3.64E-08,3.64E-08,3.64E-08,3.63E-08,3.63E-08,3.63E-08
3960,3.53E-08,3.53E-08,3.53E-08,3.53E-08,3.52E-08,3.52E-08
3967.5,3.44E-08,3.44E-08,3.43E-08,3.43E-08,3.43E-08,3.43E-08
3975,3.36E-08,3.36E-08,3.35E-08,3.35E-08,3.35E-08,3.35E-08
3982.5,3.33E-08,3.33E-08,3.33E-08,3.33E-08,3.32E-08,3.32E-08
3990,3.31E-08,3.31E-08,3.30E-08,3.30E-08,3.30E-08,3.30E-08
3997.5,3.28E-08,3.28E-08,3.28E-08,3.28E-08,3.27E-08,3.27E-08
4005,3.26E-08,3.26E-08,3.25E-08,3.25E-08,3.25E-08,3.25E-08
4012.5,3.23E-08,3.23E-08,3.22E-08,3.22E-08,3.22E-08,3.22E-08
4020,3.19E-08,3.19E-08,3.19E-08,3.19E-08,3.19E-08,3.19E-08
4027.5,3.16E-08,3.15E-08,3.15E-08,3.15E-08,3.15E-08,3.15E-08
4035,3.11E-08,3.11E-08,3.11E-08,3.11E-08,3.11E-08,3.10E-08
4042.5,3.06E-08,3.06E-08,3.06E-08,3.05E-08,3.05E-08,3.05E-08
4050,3.00E-08,3.00E-08,3.00E-08,2.99E-08,2.99E-08,2.99E-08
4057.5,2.89E-08,2.89E-08,2.89E-08,2.89E-08,2.89E-08,2.88E-08
4065,2.79E-08,2.78E-08,2.78E-08,2.78E-08,2.78E-08,2.78E-08
4072.5,2.68E-08,2.68E-08,2.68E-08,2.68E-08,2.68E-08,2.68E-08
4080,2.59E-08,2.58E-08,2.58E-08,2.58E-08,2.58E-08,2.58E-08
4087.5,2.49E-08,2.49E-08,2.49E-08,2.49E-08,2.49E-08,2.49E-08
4095,2.40E-08,2.40E-08,2.40E-08,2.40E-08,2.40E-08,2.40E-08
4102.5,2.31E-08,2.31E-08,2.31E-08,2.31E-08,2.31E-08,2.31E-08
4110,2.23E-08,2.23E-08,2.23E-08,2.23E-08,2.23E-08,2.23E-08
4117.5,2.15E-08,2.15E-08,2.15E-08,2.15E-08,2.15E-08,2.15E-08
4125,2.07E-08,2.07E-08,2.07E-08,2.07E-08,2.07E-08,2.07E-08
4132.5,2.00E-08,2.00E-08,2.00E-08,2.00E-08,2.00E-08,2.00E-08
4140,1.92E-08,1.92E-08,1.92E-08,1.92E-08,1.92E-08,1.92E-08
4147.5,1.85E-08,1.85E-08,1.85E-08,1.85E-08,1.85E-08,1.85E-08
4155,1.78E-08,1.78E-08,1.78E-08,1.78E-08,1.78E-08,1.78E-08
4162.5,1.70E-08,1.70E-08,1.70E-08,1.70E-08,1.70E-08,1.70E-08
4170,1.63E-08,1.63E-08,1.63E-08,1.63E-08,1.63E-08,1.63E-08
4177.5,1.55E-08,1.55E-08,1.55E-08,1.55E-08,1.55E-08,1.55E-08
4185,1.47E-08,1.47E-08,1.47E-08,1.47E-08,1.47E-08,1.47E-08
4192.5,1.39E-08,1.39E-08,1.39E-08,1.39E-08,1.39E-08,1.39E-08
4200,1.30E-08,1.30E-08,1.30E-08,1.30E-08,1.30E-08,1.30E-08
4207.5,1.22E-08,1.21E-08,1.21E-08,1.21E-08,1.21E-08,1.21E-08
4215,1.12E-08,1.12E-08,1.12E-08,1.12E-08,1.12E-08,1.12E-08
4222.5,1.02E-08,1.02E-08,1.02E-08,1.02E-08,1.02E-08,1.02E-08
4230,9.23E-09,9.23E-09,9.24E-09,9.24E-09,9.24E-09,9.24E-09
4237.5,8.19E-09,8.19E-09,8.19E-09,8.19E-09,8.19E-09,8.19E-09
4245,7.11E-09,7.12E-09,7.12E-09,7.12E-09,7.12E-09,7.12E-09
4252.5,6.02E-09,6.02E-09,6.02E-09,6.02E-09,6.02E-09,6.02E-09
4260,4.91E-09,4.91E-09,4.92E-09,4.92E-09,4.92E-09,4.92E-09
4267.5,3.82E-09,3.82E-09,3.83E-09,3.83E-09,3.83E-09,3.83E-09
4275,2.76E-09,2.76E-09,2.76E-09,2.77E-09,2.77E-09,2.77E-09
4282.5,1.74E-09,1.74E-09,1.75E-09,1.75E-09,1.75E-09,1.75E-09
4290,7.93E-10,7.94E-10,7.96E-10,7.97E-10,7.98E-10,7.99E-10
4297.5,-7.25E-11,-7.12E-11,-7.00E-11,-6.88E-11,-6.76E-11,-6.63E-11
4305,-8.53E-10,-8.52E-10,-8.51E-10,-8.50E-10,-8.48E-10,-8.47E-10
4312.5,-1.54E-09,-1.53E-09,-1.53E-09,-1.53E-09,-1.53E-09,-1.53E-09
4320,-2.11E-09,-2.11E-09,-2.11E-09,-2.10E-09,-2.10E-09,-2.10E-09
4327.5,-2.57E-09,-2.57E-09,-2.57E-09,-2.57E-09,-2.57E-09,-2.57E-09
4335,-2.94E-09,-2.94E-09,-2.94E-09,-2.94E-09,-2.93E-09,-2.93E-09
4342.5,-3.21E-09,-3.21E-09,-3.21E-09,-3.21E-09,-3.21E-09,-3.21E-09
4350,-3.41E-09,-3.41E-09,-3.41E-09,-3.41E-09,-3.41E-09,-3.40E-09
4357.5,-3.54E-09,-3.54E-09,-3.54E-09,-3.54E-09,-3.54E-09,-3.54E-09
4365,-3.62E-09,-3.62E-09,-3.62E-09,-3.62E-09,-3.62E-09,-3.62E-09
4372.5,-3.65E-09,-3.65E-09,-3.65E-09,-3.65E-09,-3.65E-09,-3.65E-09
4380,-3.64E-09,-3.64E-09,-3.64E-09,-3.64E-09,-3.64E-09,-3.64E-09
4387.5,-3.59E-09,-3.59E-09,-3.59E-09,-3.59E-09,-3.59E-09,-3.59E-09
4395,-3.51E-09,-3.51E-09,-3.51E-09,-3.51E-09,-3.51E-09,-3.51E-09
4402.5,-3.40E-09,-3.40E-09,-3.40E-09,-3.40E-09,-3.40E-09,-3.40E-09
4410,-3.25E-09,-3.25E-09,-3.25E-09,-3.25E-09,-3.25E-09,-3.25E-09
4417.5,-3.08E-09,-3.08E-09,-3.08E-09,-3.08E-09,-3.08E-09,-3.08E-09
4425,-2.89E-09,-2.89E-09,-2.89E-09,-2.89E-09,-2.89E-09,-2.89E-09
4432.5,-2.66E-09,-2.66E-09,-2.66E-09,-2.65E-09,-2.65E-09,-2.65E-09
4440,-2.40E-09,-2.40E-09,-2.40E-09,-2.40E-09,-2.40E-09,-2.40E-09
4447.5,-2.11E-09,-2.11E-09,-2.11E-09,-2.11E-09,-2.11E-09,-2.11E-09
4455,-1.80E-09,-1.80E-09,-1.80E-09,-1.80E-09,-1.80E-09,-1.80E-09
4462.5,-1.46E-09,-1.46E-09,-1.46E-09,-1.46E-09,-1.46E-09,-1.46E-09
4470,-1.10E-09,-1.10E-09,-1.10E-09,-1.10E-09,-1.10E-09,-1.10E-09
4477.5,-7.31E-10,-7.31E-10,-7.31E-10,-7.31E-10,-7.31E-10,-7.31E-10
4485,-3.44E-10,-3.44E-10,-3.44E-10,-3.44E-10,-3.44E-10,-3.44E-10
4492.5,5.60E-11,5.60E-11,5.60E-11,5.60E-11,5.60E-11,5.60E-11
4500,4.66E-10,4.66E-10,4.66E-10,4.66E-10,4.66E-10,4.66E-10
4507.5,8.81E-10,8.81E-10,8.81E-10,8.81E-10,8.81E-10,8.81E-10
4515,1.30E-09,1.30E-09,1.30E-09,1.30E-09,1.30E-09,1.30E-09
4522.5,1.73E-09,1.73E-09,1.73E-09,1.73E-09,1.73E-09,1.73E-09
4530,2.17E-09,2.17E-09,2.17E-09,2.17E-09,2.17E-09,2.17E-09
4537.5,2.59E-09,2.59E-09,2.59E-09,2.59E-09,2.59E-09,2.59E-09
4545,3.02E-09,3.02E-09,3.02E-09,3.02E-09,3.02E-09,3.02E-09
4552.5,3.44E-09,3.44E-09,3.44E-09,3.44E-09,3.44E-09,3.44E-09
4560,3.84E-09,3.84E-09,3.84E-09,3.84E-09,3.84E-09,3.84E-09
4567.5,4.24E-09,4.24E-09,4.24E-09,4.24E-09,4.24E-09,4.24E-09
4575,4.62E-09,4.62E-09,4.63E-09,4.63E-09,4.63E-09,4.63E-09
4582.5,5.00E-09,5.00E-09,5.00E-09,5.00E-09,5.00E-09,5.00E-09
4590,5.36E-09,5.36E-09,5.36E-09,5.36E-09,5.36E-09,5.37E-09
4597.5,5.70E-09,5.70E-09,5.70E-09,5.70E-09,5.70E-09,5.70E-09
4605,6.01E-09,6.01E-09,6.01E-09,6.01E-09,6.01E-09,6.02E-09
4612.5,6.32E-09,6.32E-09,6.32E-09,6.32E-09,6.32E-09,6.32E-09
4620,6.61E-09,6.61E-09,6.61E-09,6.61E-09,6.61E-09,6.62E-09
4627.5,6.89E-09,6.89E-09,6.89E-09,6.90E-09,6.90E-09,6.90E-09
4635,7.17E-09,7.17E-09,7.17E-09,7.17E-09,7.17E-09,7.18E-09
4642.5,7.44E-09,7.44E-09,7.44E-09,7.44E-09,7.45E-09,7.45E-09
4650,7.70E-09,7.70E-09,7.70E-09,7.71E-09,7.71E-09,7.71E-09
4657.5,7.96E-09,7.96E-09,7.96E-09,7.96E-09,7.96E-09,7.97E-09
4665,8.21E-09,8.21E-09,8.22E-09,8.22E-09,8.22E-09,8.22E-09
4672.5,8.46E-09,8.46E-09,8.47E-09,8.47E-09,8.47E-09,8.47E-09
4680,8.70E-09,8.70E-09,8.71E-09,8.71E-09,8.71E-09,8.71E-09
4687.5,8.94E-09,8.94E-09,8.94E-09,8.94E-09,8.95E-09,8.95E-09
4695,9.17E-09,9.17E-09,9.17E-09,9.18E-09,9.18E-09,9.18E-09
4702.5,9.39E-09,9.39E-09,9.40E-09,9.40E-09,9.40E-09,9.41E-09
4710,9.59E-09,9.59E-09,9.59E-09,9.60E-09,9.60E-09,9.60E-09
4717.5,9.76E-09,9.76E-09,9.77E-09,9.77E-09,9.77E-09,9.78E-09
4725,9.92E-09,9.92E-09,9.92E-09,9.93E-09,9.93E-09,9.93E-09
4732.5,1.01E-08,1.01E-08,1.01E-08,1.01E-08,1.01E-08,1.01E-08
4740,1.02E-08,1.02E-08,1.02E-08,1.02E-08,1.02E-08,1.02E-08
4747.5,1.02E-08,1.02E-08,1.02E-08,1.03E-08,1.03E-08,1.03E-08
4755,1.03E-08,1.03E-08,1.03E-08,1.03E-08,1.03E-08,1.03E-08
4762.5,1.03E-08,1.03E-08,1.03E-08,1.03E-08,1.03E-08,1.03E-08
4770,1.03E-08,1.03E-08,1.03E-08,1.03E-08,1.03E-08,1.03E-08
4777.5,1.02E-08,1.02E-08,1.02E-08,1.02E-08,1.02E-08,1.02E-08
4785,1.01E-08,1.01E-08,1.01E-08,1.01E-08,1.01E-08,1.01E-08
4792.5,9.95E-09,9.96E-09,9.96E-09,9.97E-09,9.98E-09,9.98E-09
4800,9.78E-09,9.79E-09,9.80E-09,9.80E-09,9.81E-09,9.81E-09
4807.5,9.57E-09,9.58E-09,9.59E-09,9.59E-09,9.60E-09,9.60E-09
4815,9.33E-09,9.34E-09,9.34E-09,9.35E-09,9.36E-09,9.36E-09
4822.5,9.05E-09,9.06E-09,9.06E-09,9.07E-09,9.08E-09,9.08E-09
4830,8.74E-09,8.75E-09,8.76E-09,8.77E-09,8.77E-09,8.78E-09
4837.5,8.42E-09,8.43E-09,8.43E-09,8.44E-09,8.45E-09,8.45E-09
4845,8.07E-09,8.08E-09,8.08E-09,8.09E-09,8.10E-09,8.11E-09
4852.5,7.70E-09,7.71E-09,7.71E-09,7.72E-09,7.73E-09,7.73E-09
4860,7.31E-09,7.32E-09,7.32E-09,7.33E-09,7.34E-09,7.34E-09
4867.5,6.91E-09,6.92E-09,6.92E-09,6.93E-09,6.94E-09,6.95E-09
4875,6.50E-09,6.51E-09,6.52E-09,6.52E-09,6.53E-09,6.54E-09
4882.5,6.08E-09,6.09E-09,6.10E-09,6.11E-09,6.11E-09,6.12E-09
4890,5.66E-09,5.67E-09,5.68E-09,5.69E-09,5.69E-09,5.70E-09
4897.5,5.25E-09,5.26E-09,5.27E-09,5.28E-09,5.28E-09,5.29E-09
4905,4.85E-09,4.86E-09,4.87E-09,4.88E-09,4.88E-09,4.89E-09
4912.5,4.46E-09,4.47E-09,4.47E-09,4.48E-09,4.49E-09,4.50E-09
4920,4.07E-09,4.08E-09,4.09E-09,4.10E-09,4.10E-09,4.11E-09
4927.5,3.70E-09,3.71E-09,3.72E-09,3.73E-09,3.73E-09,3.74E-09
4935,3.34E-09,3.35E-09,3.36E-09,3.36E-09,3.37E-09,3.38E-09
4942.5,2.98E-09,2.99E-09,3.00E-09,3.01E-09,3.01E-09,3.02E-09
4950,2.64E-09,2.65E-09,2.65E-09,2.66E-09,2.67E-09,2.68E-09
4957.5,2.31E-09,2.32E-09,2.32E-09,2.33E-09,2.34E-09,2.35E-09
4965,1.99E-09,2.00E-09,2.00E-09,2.01E-09,2.02E-09,2.03E-09
4972.5,1.66E-09,1.67E-09,1.68E-09,1.69E-09,1.70E-09,1.70E-09
4980,1.34E-09,1.35E-09,1.35E-09,1.36E-09,1.37E-09,1.38E-09
4987.5,1.02E-09,1.02E-09,1.03E-09,1.04E-09,1.05E-09,1.06E-09
4995,6.90E-10,6.98E-10,7.06E-10,7.13E-10,7.21E-10,7.28E-10
5002.5,3.54E-10,3.62E-10,3.69E-10,3.77E-10,3.84E-10,3.92E-10
5010,1.54E-11,2.29E-11,3.04E-11,3.79E-11,4.55E-11,5.30E-11
5017.5,-3.15E-10,-3.08E-10,-3.00E-10,-2.93E-10,-2.85E-10,-2.78E-10
5025,-6.43E-10,-6.36E-10,-6.28E-10,-6.21E-10,-6.13E-10,-6.06E-10
5032.5,-9.75E-10,-9.67E-10,-9.60E-10,-9.53E-10,-9.45E-10,-9.38E-10
5040,-1.31E-09,-1.30E-09,-1.29E-09,-1.29E-09,-1.28E-09,-1.27E-09
5047.5,-1.63E-09,-1.62E-09,-1.62E-09,-1.61E-09,-1.60E-09,-1.60E-09
5055,-1.94E-09,-1.93E-09,-1.93E-09,-1.92E-09,-1.91E-09,-1.91E-09
5062.5,-2.23E-09,-2.23E-09,-2.22E-09,-2.21E-09,-2.21E-09,-2.20E-09
5070,-2.50E-09,-2.50E-09,-2.49E-09,-2.48E-09,-2.48E-09,-2.47E-09
5077.5,-2.75E-09,-2.74E-09,-2.74E-09,-2.73E-09,-2.72E-09,-2.71E-09
5085,-2.96E-09,-2.96E-09,-2.95E-09,-2.94E-09,-2.94E-09,-2.93E-09
5092.5,-3.16E-09,-3.15E-09,-3.15E-09,-3.14E-09,-3.13E-09,-3.13E-09
5100,-3.34E-09,-3.33E-09,-3.33E-09,-3.32E-09,-3.31E-09,-3.31E-09
5107.5,-3.49E-09,-3.48E-09,-3.47E-09,-3.47E-09,-3.46E-09,-3.45E-09
5115,-3.59E-09,-3.58E-09,-3.58E-09,-3.57E-09,-3.57E-09,-3.56E-09
5122.5,-3.67E-09,-3.67E-09,-3.66E-09,-3.65E-09,-3.65E-09,-3.64E-09
5130,-3.73E-09,-3.72E-09,-3.72E-09,-3.71E-09,-3.70E-09,-3.70E-09
5137.5,-3.75E-09,-3.74E-09,-3.74E-09,-3.73E-09,-3.72E-09,-3.72E-09
5145,-3.75E-09,-3.74E-09,-3.73E-09,-3.73E-09,-3.72E-09,-3.72E-09
5152.5,-3.72E-09,-3.72E-09,-3.71E-09,-3.71E-09,-3.70E-09,-3.69E-09
5160,-3.68E-09,-3.68E-09,-3.67E-09,-3.67E-09,-3.66E-09,-3.65E-09
5167.5,-3.63E-09,-3.63E-09,-3.62E-09,-3.61E-09,-3.61E-09,-3.60E-09
5175,-3.57E-09,-3.56E-09,-3.56E-09,-3.55E-09,-3.55E-09,-3.54E-09
5182.5,-3.51E-09,-3.50E-09,-3.49E-09,-3.49E-09,-3.48E-09,-3.48E-09
5190,-3.44E-09,-3.43E-09,-3.43E-09,-3.42E-09,-3.42E-09,-3.41E-09
5197.5,-3.37E-09,-3.36E-09,-3.35E-09,-3.35E-09,-3.34E-09,-3.34E-09
5205,-3.29E-09,-3.28E-09,-3.28E-09,-3.27E-09,-3.27E-09,-3.26E-09
5212.5,-3.22E-09,-3.21E-09,-3.21E-09,-3.20E-09,-3.20E-09,-3.19E-09
5220,-3.14E-09,-3.13E-09,-3.12E-09,-3.12E-09,-3.11E-09,-3.11E-09
5227.5,-3.05E-09,-3.04E-09,-3.04E-09,-3.03E-09,-3.02E-09,-3.02E-09
5235,-2.95E-09,-2.95E-09,-2.94E-09,-2.94E-09,-2.93E-09,-2.93E-09
5242.5,-2.85E-09,-2.84E-09,-2.84E-09,-2.83E-09,-2.83E-09,-2.82E-09
5250,-2.72E-09,-2.71E-09,-2.71E-09,-2.70E-09,-2.70E-09,-2.69E-09
5257.5,-2.58E-09,-2.58E-09,-2.57E-09,-2.57E-09,-2.56E-09,-2.56E-09
5265,-2.44E-09,-2.44E-09,-2.43E-09,-2.43E-09,-2.42E-09,-2.41E-09
5272.5,-2.28E-09,-2.28E-09,-2.27E-09,-2.27E-09,-2.26E-09,-2.26E-09
5280,-2.11E-09,-2.10E-09,-2.10E-09,-2.09E-09,-2.09E-09,-2.08E-09
5287.5,-1.91E-09,-1.91E-09,-1.90E-09,-1.90E-09,-1.89E-09,-1.89E-09
5295,-1.72E-09,-1.71E-09,-1.71E-09,-1.70E-09,-1.70E-09,-1.69E-09
5302.5,-1.51E-09,-1.51E-09,-1.50E-09,-1.50E-09,-1.49E-09,-1.48E-09
5310,-1.29E-09,-1.29E-09,-1.28E-09,-1.28E-09,-1.27E-09,-1.27E-09
5317.5,-1.06E-09,-1.06E-09,-1.05E-09,-1.04E-09,-1.04E-09,-1.03E-09
5325,-8.22E-10,-8.17E-10,-8.12E-10,-8.07E-10,-8.01E-10,-7.96E-10
5332.5,-5.74E-10,-5.69E-10,-5.63E-10,-5.58E-10,-5.53E-10,-5.47E-10
5340,-3.13E-10,-3.08E-10,-3.02E-10,-2.97E-10,-2.92E-10,-2.86E-10
5347.5,-4.35E-11,-3.81E-11,-3.28E-11,-2.74E-11,-2.20E-11,-1.66E-11
5355,2.30E-10,2.35E-10,2.41E-10,2.46E-10,2.52E-10,2.57E-10
5362.5,5.02E-10,5.08E-10,5.13E-10,5.19E-10,5.24E-10,5.30E-10
5370,7.76E-10,7.82E-10,7.87E-10,7.93E-10,7.98E-10,8.03E-10